DTclassifier.pkl,MalwareData.csv,99.09 %
RandomForestclassifier.pkl,MalwareData.csv,99.36 %
DecisionTreeclassifier.pkl,MalwareData.csv,99.06 %
RandomForestclassifier.pkl,MalwareData.csv,99.34 %
RandomForestclassifier.pkl,MalwareData.csv,99.35 %
RandomForestclassifier.pkl,MalwareData.csv,99.37 %
malware_detect.pkl,custom,unknown
RandomForestclassifier.pkl,MalwareData.csv,99.45 %
DecisionTreeclassifier.pkl,MalwareData.csv,99.1 %
DecisionTreeclassifier.pkl,MalwareData.csv,98.99 %
RandomForestclassifier.pkl,MalwareData.csv,99.32 %
RandomForestclassifier.pkl,MalwareData.csv,99.44 %
